ref,component,qty,key_spec,example_part,approx_usd,status,notes
U1,ESP32-C6 dev board,1,RISC-V BLE 5.0 8MB flash,ESP32-C6-DevKitC-1,15,have,Single core; BLE only no Classic
U2,Raspberry Pi Zero 2 W,1,Quad A53 512MB,Raspberry Pi Zero 2 W,15,have,Camera and CNN inference
U3,BLE OBD-II dongle,1,Bluetooth Low Energy NOT Classic,Veepeak OBDCheck BLE+,30,ordered,GATT FFE0/FFE1 or FFF0/FFF1/FFF2
U3b,BLE OBD-II dongle spare,1,Bluetooth Low Energy NOT Classic,Vgate iCar Pro BLE 4.0,25,recommended,Different GATT layout 18F0/2AF0/2AF1 on purpose
U4,MPU-6050 breakout,1,6-axis I2C 0x68 3.3V,GY-521,5,have,Check onboard 4.7k pullups
U5,Camera module,1,640x480 CSI,OV5647,18,have,Connects to Pi not ESP32
Q1,Logic-level N-MOSFET,1,Vgs-th under 2V Id over 1A,AO3400A or IRLZ44N,1,needed,Motor driver
Q2,Logic-level N-MOSFET,1,Vgs-th under 2V,2N7002 or AO3400A,1,needed,Buzzer driver
D1,Flyback diode,1,Fast switching,1N4148 or 1N4001,1,needed,MANDATORY across motor
M1,ERM vibration motor,4,3V 60-100mA,generic coin ERM,20,have,Confirm rated voltage - see README 5.2
LS1,Passive piezo buzzer,1,3-5V driven by tone,generic passive piezo,2,needed,Must be PASSIVE not active
R1,Gate series resistor,2,100 ohm 1/4W,,1,needed,One per MOSFET gate
R2,Gate pull-down,2,10k 1/4W,,1,needed,Holds gate low during MCU reset
R3,LED series resistor,1,330 ohm 1/4W,,1,needed,
R4,Motor series resistor,4,27 ohm 0.5W,,2,conditional,Only if 3V motors on 5V rail - see README 5.2
C1,Bulk capacitor,1,100-470uF 16V,,1,needed,At motor supply
PS1,Buck converter,1,12V to 5V 3A,Pololu D24V22F5,19,conditional,Vehicle power only - use power bank for bench
F1,Inline fuse,1,2A automotive,,3,conditional,Vehicle power only
TVS1,TVS diode,1,SMBJ26A 600W,,1,conditional,Vehicle power only - load dump protection
